Name,Username X,First-line cá nhân hóa,Score fit,Hook
Daisy Cater | FX Trader,@carter_dai24769,The chartist approach in your profile suggests price confirmation before action.,7,Cleaner entries in gold come from traders who respect the zone before the move.
Lyra Nayeli,@LyraN56965,The analytical framing in your gold commentary shows a structured market view.,7,Gold traders who prepare with market context make clearer decisions when volatility hits.
TP HIT XAUUSD Forex,@Tphitxauusd,Your content suggests you help traders understand gold through clear market education.,7,Educational content that bridges method and execution helps traders build real consistency.
Jack Blackwell,@Captain_Jack785,The analytical depth in your gold commentary points to researched market awareness.,7,Gold traders who prepare with market context make clearer decisions when volatility hits.
Huracan Trading,@HuracanTrading,Your educational approach to trading helps traders build practical market skills.,7,Traders retain more when the reasoning behind each gold analysis is clearly explained.
Julia XAUUSD Analyst,@Julia_XAUUSD,Your gold market analysis suggests a researched approach to price levels and macro context.,7,"For gold analysts, the gap between identifying a level and acting on it is where most mistakes happen."
Abhi S,@XAUUSD_Abhi,The structured trade calls in your profile show a disciplined method for entries.,7,Gold signal providers add value when the context behind each entry level is made clear.
Olivia,@F28_Olivia,Your XAUUSD signals and entry levels suggest a practical approach to gold trading.,7,Gold signal providers add value when the context behind each entry level is made clear.
MATILDA EDINAM,@Wealth_Line,The chartist approach in your profile suggests price confirmation before action.,7,Cleaner entries in gold come from traders who respect the zone before the move.
Xauusd Signal,@XauusdSignal,Your gold trade alerts suggest a methodical approach to entries with clear risk parameters.,7,Gold signals work best when traders understand the zone logic behind each suggested entry.
Divyesh Lapalikar | Gold & Dollar Analyst,@Fci_Futures,Your macro perspective on gold connects broad market drivers to price action.,7,Gold traders who track macro drivers usually read the reaction better than the headline.
FOREXIVE,@forexive,Your educational approach to trading helps traders build practical market skills.,7,Gold traders benefit most from education that connects market theory to live decision-making.
RoyalFXSignals,@expert_austin,Your SMC approach to gold highlights a structured way of reading market flow.,7,Mapping structure before price reaches the zone helps avoid chasing moves in gold.
Javed Khan,@Javed_xau,Your XAUUSD signals and entry levels suggest a practical approach to gold trading.,7,"For signal-driven gold traders, understanding the method behind the entry improves consistency."
John,@XauusdJohn,Your ICT-based gold breakdown suggests a structured reading of session timing and liquidity.,7,"For ICT traders, cleaner session timing often filters out the weakest setups."
Leizl,@Leizltrader,Your price-action focus on gold reveals a patient confirmation-based trading style.,7,Price-action traders who wait for confirmation around key zones get better risk-reward on gold.
🇯🇵XAUUSD🇯🇵,@bndr0569279322,Your gold level breakdowns suggest a structured method for framing market context.,7,"For gold analysts, the gap between identifying a level and acting on it is where most mistakes happen."
